,id,user_id,section_id,E,G,A,Ix,Iy,Iz
0,1,cv13116,1,199948023.75,76904146.79,0.20903184,0.00614268,0.00364119,0.00364119
