,id,user_id,section_id,E,G,A,Ix,Iy,Iz
0,1,cv13116,1,20000.0,12000.0,0.25,0.00520833,0.00520833,0.00880208
